accuracy,precision,recall,f1,confusion_matrix
0.8151419558359622,0.8131553271195643,0.8151419558359622,0.8130002275114906,"[[3510  471]
 [ 701 1658]]"
