accuracy,precision,recall,f1,confusion_matrix
0.7892744479495268,0.7904727468229606,0.7892744479495268,0.7805408323343047,"[[3634  347]
 [ 989 1370]]"
